timeStamp,elapsed,label,responseCode,responseMessage,threadName,dataType,success,failureMessage,bytes,sentBytes,grpThreads,allThreads,URL,Latency,IdleTime,Connect
1774460211878,4461,Login Flow,200,"Number of samples in transaction : 3, number of failing samples : 0",Thread Group 1-2,,true,,13481,1104,10,10,null,0,11853,910
1774460215674,1502,open login page,200,OK,Thread Group 1-2,text,true,,3910,159,7,7,https://opensource-demo.orangehrmlive.com/web/index.php/auth/login,1502,0,910
1774460221206,1795,Login  Request,200,OK,Thread Group 1-2,text,true,,4843,530,10,10,https://opensource-demo.orangehrmlive.com/web/index.php/auth/login,956,0,0
1774460221206,956,Login  Request-0,302,Found,Thread Group 1-2,text,true,,927,325,10,10,https://opensource-demo.orangehrmlive.com/web/index.php/auth/validate,956,0,0
1774460222162,839,Login  Request-1,200,OK,Thread Group 1-2,text,true,,3916,205,10,10,https://opensource-demo.orangehrmlive.com/web/index.php/auth/login,839,0,0
1774460227028,1164,dashboard,200,OK,Thread Group 1-2,text,true,,4728,415,10,10,https://opensource-demo.orangehrmlive.com/web/index.php/auth/login,572,0,0
1774460227028,573,dashboard-0,302,Found,Thread Group 1-2,text,true,,927,210,10,10,https://opensource-demo.orangehrmlive.com/web/index.php/dashboard/index,572,0,0
1774460227602,590,dashboard-1,200,OK,Thread Group 1-2,text,true,,3801,205,10,10,https://opensource-demo.orangehrmlive.com/web/index.php/auth/login,590,0,0
1774460213877,3497,Login Flow,200,"Number of samples in transaction : 3, number of failing samples : 0",Thread Group 1-4,,true,,13451,1105,10,10,null,0,11405,493
1774460218424,1270,open login page,200,OK,Thread Group 1-4,text,true,,3889,159,9,9,https://opensource-demo.orangehrmlive.com/web/index.php/auth/login,1270,0,493
1774460223426,1183,Login  Request,200,OK,Thread Group 1-4,text,true,,4846,531,10,10,https://opensource-demo.orangehrmlive.com/web/index.php/auth/login,566,0,0
1774460223426,566,Login  Request-0,302,Found,Thread Group 1-4,text,true,,927,326,10,10,https://opensource-demo.orangehrmlive.com/web/index.php/auth/validate,566,0,0
1774460223993,616,Login  Request-1,200,OK,Thread Group 1-4,text,true,,3919,205,10,10,https://opensource-demo.orangehrmlive.com/web/index.php/auth/login,616,0,0
1774460227735,1044,dashboard,200,OK,Thread Group 1-4,text,true,,4716,415,10,10,https://opensource-demo.orangehrmlive.com/web/index.php/auth/login,494,0,0
1774460227735,494,dashboard-0,302,Found,Thread Group 1-4,text,true,,927,210,10,10,https://opensource-demo.orangehrmlive.com/web/index.php/dashboard/index,494,0,0
1774460228230,549,dashboard-1,200,OK,Thread Group 1-4,text,true,,3789,205,10,10,https://opensource-demo.orangehrmlive.com/web/index.php/auth/login,548,0,0
1774460210894,4256,Login Flow,200,"Number of samples in transaction : 3, number of failing samples : 0",Thread Group 1-1,,true,,13467,1107,10,10,null,0,13833,910
1774460215674,1502,open login page,200,OK,Thread Group 1-1,text,true,,3910,159,7,7,https://opensource-demo.orangehrmlive.com/web/index.php/auth/login,1501,0,910
1774460221274,1690,Login  Request,200,OK,Thread Group 1-1,text,true,,4841,533,10,10,https://opensource-demo.orangehrmlive.com/web/index.php/auth/login,772,0,0
1774460221274,773,Login  Request-0,302,Found,Thread Group 1-1,text,true,,927,328,10,10,https://opensource-demo.orangehrmlive.com/web/index.php/auth/validate,772,0,0
1774460222050,914,Login  Request-1,200,OK,Thread Group 1-1,text,true,,3914,205,10,10,https://opensource-demo.orangehrmlive.com/web/index.php/auth/login,913,0,0
1774460227919,1064,dashboard,200,OK,Thread Group 1-1,text,true,,4716,415,10,10,https://opensource-demo.orangehrmlive.com/web/index.php/auth/login,524,0,0
1774460227919,524,dashboard-0,302,Found,Thread Group 1-1,text,true,,927,210,10,10,https://opensource-demo.orangehrmlive.com/web/index.php/dashboard/index,524,0,0
1774460228445,538,dashboard-1,200,OK,Thread Group 1-1,text,true,,3789,205,10,10,https://opensource-demo.orangehrmlive.com/web/index.php/auth/login,538,0,0
1774460214875,3580,Login Flow,200,"Number of samples in transaction : 3, number of failing samples : 0",Thread Group 1-5,,true,,13504,1105,10,10,null,0,10762,516
1774460217996,1404,open login page,200,OK,Thread Group 1-5,text,true,,3900,159,9,9,https://opensource-demo.orangehrmlive.com/web/index.php/auth/login,1404,0,516
1774460223756,1159,Login  Request,200,OK,Thread Group 1-5,text,true,,4868,531,10,10,https://opensource-demo.orangehrmlive.com/web/index.php/auth/login,579,0,0
1774460223756,580,Login  Request-0,302,Found,Thread Group 1-5,text,true,,927,326,10,10,https://opensource-demo.orangehrmlive.com/web/index.php/auth/validate,579,0,0
1774460224337,578,Login  Request-1,200,OK,Thread Group 1-5,text,true,,3941,205,10,10,https://opensource-demo.orangehrmlive.com/web/index.php/auth/login,578,0,0
1774460228200,1017,dashboard,200,OK,Thread Group 1-5,text,true,,4736,415,10,10,https://opensource-demo.orangehrmlive.com/web/index.php/auth/login,484,0,0
1774460228200,484,dashboard-0,302,Found,Thread Group 1-5,text,true,,927,210,10,10,https://opensource-demo.orangehrmlive.com/web/index.php/dashboard/index,484,0,0
1774460228685,532,dashboard-1,200,OK,Thread Group 1-5,text,true,,3809,205,10,10,https://opensource-demo.orangehrmlive.com/web/index.php/auth/login,532,0,0
1774460212878,3691,Login Flow,200,"Number of samples in transaction : 3, number of failing samples : 0",Thread Group 1-3,,true,,13474,1105,10,10,null,0,13247,513
1774460216652,1054,open login page,200,OK,Thread Group 1-3,text,true,,3916,159,7,7,https://opensource-demo.orangehrmlive.com/web/index.php/auth/login,1054,0,513
1774460222354,1664,Login  Request,200,OK,Thread Group 1-3,text,true,,4841,531,10,10,https://opensource-demo.orangehrmlive.com/web/index.php/auth/login,1041,0,0
1774460222354,1042,Login  Request-0,302,Found,Thread Group 1-3,text,true,,927,326,10,10,https://opensource-demo.orangehrmlive.com/web/index.php/auth/validate,1041,0,0
1774460223397,621,Login  Request-1,200,OK,Thread Group 1-3,text,true,,3914,205,10,10,https://opensource-demo.orangehrmlive.com/web/index.php/auth/login,621,0,0
1774460228843,973,dashboard,200,OK,Thread Group 1-3,text,true,,4717,415,10,10,https://opensource-demo.orangehrmlive.com/web/index.php/auth/login,470,0,0
1774460228843,470,dashboard-0,302,Found,Thread Group 1-3,text,true,,927,210,10,10,https://opensource-demo.orangehrmlive.com/web/index.php/dashboard/index,470,0,0
1774460229314,502,dashboard-1,200,OK,Thread Group 1-3,text,true,,3790,205,10,10,https://opensource-demo.orangehrmlive.com/web/index.php/auth/login,502,0,0
1774460217874,4011,Login Flow,200,"Number of samples in transaction : 3, number of failing samples : 0",Thread Group 1-8,,true,,13501,1105,10,10,null,0,11126,482
1774460221110,1854,open login page,200,OK,Thread Group 1-8,text,true,,3910,159,10,10,https://opensource-demo.orangehrmlive.com/web/index.php/auth/login,1854,0,482
1774460227489,1078,Login  Request,200,OK,Thread Group 1-8,text,true,,4864,531,10,10,https://opensource-demo.orangehrmlive.com/web/index.php/auth/login,511,0,0
1774460227489,511,Login  Request-0,302,Found,Thread Group 1-8,text,true,,927,326,10,10,https://opensource-demo.orangehrmlive.com/web/index.php/auth/validate,511,0,0
1774460228001,566,Login  Request-1,200,OK,Thread Group 1-8,text,true,,3937,205,10,10,https://opensource-demo.orangehrmlive.com/web/index.php/auth/login,566,0,0
1774460231931,1079,dashboard,200,OK,Thread Group 1-8,text,true,,4727,415,10,10,https://opensource-demo.orangehrmlive.com/web/index.php/auth/login,562,0,0
1774460231931,562,dashboard-0,302,Found,Thread Group 1-8,text,true,,927,210,10,10,https://opensource-demo.orangehrmlive.com/web/index.php/dashboard/index,562,0,0
1774460232494,516,dashboard-1,200,OK,Thread Group 1-8,text,true,,3800,205,10,10,https://opensource-demo.orangehrmlive.com/web/index.php/auth/login,516,0,0
1774460215895,3648,Login Flow,200,"Number of samples in transaction : 3, number of failing samples : 0",Thread Group 1-6,,true,,13484,1107,10,10,null,0,13693,588
1774460220456,1388,open login page,200,OK,Thread Group 1-6,text,true,,3914,159,10,10,https://opensource-demo.orangehrmlive.com/web/index.php/auth/login,1387,0,588
1774460226201,1237,Login  Request,200,OK,Thread Group 1-6,text,true,,4858,533,10,10,https://opensource-demo.orangehrmlive.com/web/index.php/auth/login,659,0,0
1774460226201,659,Login  Request-0,302,Found,Thread Group 1-6,text,true,,927,328,10,10,https://opensource-demo.orangehrmlive.com/web/index.php/auth/validate,659,0,0
1774460226861,577,Login  Request-1,200,OK,Thread Group 1-6,text,true,,3931,205,10,10,https://opensource-demo.orangehrmlive.com/web/index.php/auth/login,577,0,0
1774460232213,1023,dashboard,200,OK,Thread Group 1-6,text,true,,4712,415,10,10,https://opensource-demo.orangehrmlive.com/web/index.php/auth/login,463,0,0
1774460232213,464,dashboard-0,302,Found,Thread Group 1-6,text,true,,927,210,10,10,https://opensource-demo.orangehrmlive.com/web/index.php/dashboard/index,463,0,0
1774460232678,558,dashboard-1,200,OK,Thread Group 1-6,text,true,,3785,205,10,10,https://opensource-demo.orangehrmlive.com/web/index.php/auth/login,557,0,0
1774460228197,1107,Employee Flow,200,"Number of samples in transaction : 1, number of failing samples : 0",Thread Group 1-2,,true,,4705,420,10,10,null,0,4430,0
1774460232627,1107,employee list,200,OK,Thread Group 1-2,text,true,,4705,420,10,10,https://opensource-demo.orangehrmlive.com/web/index.php/auth/login,523,0,0
1774460232627,523,employee list-0,302,Found,Thread Group 1-2,text,true,,927,215,10,10,https://opensource-demo.orangehrmlive.com/web/index.php/pim/viewEmployeeList,523,0,0
1774460233150,584,employee list-1,200,OK,Thread Group 1-2,text,true,,3778,205,10,10,https://opensource-demo.orangehrmlive.com/web/index.php/auth/login,583,0,0
1774460228986,1110,Employee Flow,200,"Number of samples in transaction : 1, number of failing samples : 0",Thread Group 1-1,,true,,4722,420,10,10,null,0,3920,0
1774460232905,1110,employee list,200,OK,Thread Group 1-1,text,true,,4722,420,10,10,https://opensource-demo.orangehrmlive.com/web/index.php/auth/login,518,0,0
1774460232905,518,employee list-0,302,Found,Thread Group 1-1,text,true,,927,215,10,10,https://opensource-demo.orangehrmlive.com/web/index.php/pim/viewEmployeeList,518,0,0
1774460233423,592,employee list-1,200,OK,Thread Group 1-1,text,true,,3795,205,10,10,https://opensource-demo.orangehrmlive.com/web/index.php/auth/login,592,0,0
1774460216872,3458,Login Flow,200,"Number of samples in transaction : 3, number of failing samples : 0",Thread Group 1-7,,true,,13470,1104,10,10,null,0,13771,453
1774460221637,1327,open login page,200,OK,Thread Group 1-7,text,true,,3887,159,10,10,https://opensource-demo.orangehrmlive.com/web/index.php/auth/login,1327,0,453
1774460227294,1103,Login  Request,200,OK,Thread Group 1-7,text,true,,4867,530,10,10,https://opensource-demo.orangehrmlive.com/web/index.php/auth/login,517,0,0
1774460227294,517,Login  Request-0,302,Found,Thread Group 1-7,text,true,,927,325,10,10,https://opensource-demo.orangehrmlive.com/web/index.php/auth/validate,517,0,0
1774460227812,585,Login  Request-1,200,OK,Thread Group 1-7,text,true,,3940,205,10,10,https://opensource-demo.orangehrmlive.com/web/index.php/auth/login,585,0,0
1774460233072,1028,dashboard,200,OK,Thread Group 1-7,text,true,,4716,415,10,10,https://opensource-demo.orangehrmlive.com/web/index.php/auth/login,509,0,0
1774460233072,509,dashboard-0,302,Found,Thread Group 1-7,text,true,,927,210,10,10,https://opensource-demo.orangehrmlive.com/web/index.php/dashboard/index,509,0,0
1774460233582,518,dashboard-1,200,OK,Thread Group 1-7,text,true,,3789,205,10,10,https://opensource-demo.orangehrmlive.com/web/index.php/auth/login,518,0,0
1774460219872,3294,Login Flow,200,"Number of samples in transaction : 3, number of failing samples : 0",Thread Group 1-10,,true,,13495,1105,10,10,null,0,11171,489
1774460222954,1147,open login page,200,OK,Thread Group 1-10,text,true,,3908,159,10,10,https://opensource-demo.orangehrmlive.com/web/index.php/auth/login,1147,0,489
1774460227453,1094,Login  Request,200,OK,Thread Group 1-10,text,true,,4866,531,10,10,https://opensource-demo.orangehrmlive.com/web/index.php/auth/login,526,0,0
1774460227453,526,Login  Request-0,302,Found,Thread Group 1-10,text,true,,927,326,10,10,https://opensource-demo.orangehrmlive.com/web/index.php/auth/validate,526,0,0
1774460227980,567,Login  Request-1,200,OK,Thread Group 1-10,text,true,,3939,205,10,10,https://opensource-demo.orangehrmlive.com/web/index.php/auth/login,567,0,0
1774460233283,1053,dashboard,200,OK,Thread Group 1-10,text,true,,4721,415,10,10,https://opensource-demo.orangehrmlive.com/web/index.php/auth/login,532,0,0
1774460233283,532,dashboard-0,302,Found,Thread Group 1-10,text,true,,927,210,10,10,https://opensource-demo.orangehrmlive.com/web/index.php/dashboard/index,532,0,0
1774460233815,521,dashboard-1,200,OK,Thread Group 1-10,text,true,,3794,205,10,10,https://opensource-demo.orangehrmlive.com/web/index.php/auth/login,521,0,0
1774460218873,3375,Login Flow,200,"Number of samples in transaction : 3, number of failing samples : 0",Thread Group 1-9,,true,,13465,1105,10,10,null,0,12136,458
1774460222205,1178,open login page,200,OK,Thread Group 1-9,text,true,,3892,159,10,10,https://opensource-demo.orangehrmlive.com/web/index.php/auth/login,1177,0,458
1774460227389,1104,Login  Request,200,OK,Thread Group 1-9,text,true,,4856,531,10,10,https://opensource-demo.orangehrmlive.com/web/index.php/auth/login,523,0,0
1774460227389,523,Login  Request-0,302,Found,Thread Group 1-9,text,true,,927,326,10,10,https://opensource-demo.orangehrmlive.com/web/index.php/auth/validate,523,0,0
1774460227913,580,Login  Request-1,200,OK,Thread Group 1-9,text,true,,3929,205,10,10,https://opensource-demo.orangehrmlive.com/web/index.php/auth/login,580,0,0
1774460233290,1093,dashboard,200,OK,Thread Group 1-9,text,true,,4717,415,10,10,https://opensource-demo.orangehrmlive.com/web/index.php/auth/login,530,0,0
1774460233290,530,dashboard-0,302,Found,Thread Group 1-9,text,true,,927,210,10,10,https://opensource-demo.orangehrmlive.com/web/index.php/dashboard/index,530,0,0
1774460233820,563,dashboard-1,200,OK,Thread Group 1-9,text,true,,3790,205,10,10,https://opensource-demo.orangehrmlive.com/web/index.php/auth/login,563,0,0
1774460228782,1062,Employee Flow,200,"Number of samples in transaction : 1, number of failing samples : 0",Thread Group 1-4,,true,,4726,420,10,10,null,0,4706,0
1774460233488,1062,employee list,200,OK,Thread Group 1-4,text,true,,4726,420,10,10,https://opensource-demo.orangehrmlive.com/web/index.php/auth/login,527,0,0
1774460233488,527,employee list-0,302,Found,Thread Group 1-4,text,true,,927,215,10,10,https://opensource-demo.orangehrmlive.com/web/index.php/pim/viewEmployeeList,527,0,0
1774460234016,534,employee list-1,200,OK,Thread Group 1-4,text,true,,3799,205,10,10,https://opensource-demo.orangehrmlive.com/web/index.php/auth/login,534,0,0
1774460229819,1080,Employee Flow,200,"Number of samples in transaction : 1, number of failing samples : 0",Thread Group 1-3,,true,,4716,420,10,10,null,0,3967,0
1774460233785,1080,employee list,200,OK,Thread Group 1-3,text,true,,4716,420,10,10,https://opensource-demo.orangehrmlive.com/web/index.php/auth/login,551,0,0
1774460233785,551,employee list-0,302,Found,Thread Group 1-3,text,true,,927,215,10,10,https://opensource-demo.orangehrmlive.com/web/index.php/pim/viewEmployeeList,551,0,0
1774460234337,528,employee list-1,200,OK,Thread Group 1-3,text,true,,3789,205,10,10,https://opensource-demo.orangehrmlive.com/web/index.php/auth/login,528,0,0
1774460229219,981,Employee Flow,200,"Number of samples in transaction : 1, number of failing samples : 0",Thread Group 1-5,,true,,4718,420,10,10,null,0,4676,0
1774460233893,981,employee list,200,OK,Thread Group 1-5,text,true,,4718,420,10,10,https://opensource-demo.orangehrmlive.com/web/index.php/auth/login,475,0,0
1774460233893,475,employee list-0,302,Found,Thread Group 1-5,text,true,,927,215,10,10,https://opensource-demo.orangehrmlive.com/web/index.php/pim/viewEmployeeList,475,0,0
1774460234369,505,employee list-1,200,OK,Thread Group 1-5,text,true,,3791,205,10,10,https://opensource-demo.orangehrmlive.com/web/index.php/auth/login,505,0,0
1774460233237,1236,Employee Flow,200,"Number of samples in transaction : 1, number of failing samples : 0",Thread Group 1-6,,true,,4716,420,10,10,null,0,4052,0
1774460237287,1236,employee list,200,OK,Thread Group 1-6,text,true,,4716,420,10,10,https://opensource-demo.orangehrmlive.com/web/index.php/auth/login,704,0,0
1774460237287,704,employee list-0,302,Found,Thread Group 1-6,text,true,,927,215,10,10,https://opensource-demo.orangehrmlive.com/web/index.php/pim/viewEmployeeList,704,0,0
1774460237992,531,employee list-1,200,OK,Thread Group 1-6,text,true,,3789,205,10,10,https://opensource-demo.orangehrmlive.com/web/index.php/auth/login,531,0,0
1774460233011,1072,Employee Flow,200,"Number of samples in transaction : 1, number of failing samples : 0",Thread Group 1-8,,true,,4707,420,10,10,null,0,4721,0
1774460237730,1072,employee list,200,OK,Thread Group 1-8,text,true,,4707,420,10,10,https://opensource-demo.orangehrmlive.com/web/index.php/auth/login,519,0,0
1774460237730,519,employee list-0,302,Found,Thread Group 1-8,text,true,,927,215,10,10,https://opensource-demo.orangehrmlive.com/web/index.php/pim/viewEmployeeList,519,0,0
1774460238250,552,employee list-1,200,OK,Thread Group 1-8,text,true,,3780,205,10,10,https://opensource-demo.orangehrmlive.com/web/index.php/auth/login,552,0,0
1774460234102,1030,Employee Flow,200,"Number of samples in transaction : 1, number of failing samples : 0",Thread Group 1-7,,true,,4727,420,10,10,null,0,3960,0
1774460238060,1030,employee list,200,OK,Thread Group 1-7,text,true,,4727,420,10,10,https://opensource-demo.orangehrmlive.com/web/index.php/auth/login,524,0,0
1774460238060,524,employee list-0,302,Found,Thread Group 1-7,text,true,,927,215,10,10,https://opensource-demo.orangehrmlive.com/web/index.php/pim/viewEmployeeList,524,0,0
1774460238585,505,employee list-1,200,OK,Thread Group 1-7,text,true,,3800,205,10,10,https://opensource-demo.orangehrmlive.com/web/index.php/auth/login,505,0,0
1774460234385,1022,Employee Flow,200,"Number of samples in transaction : 1, number of failing samples : 0",Thread Group 1-9,,true,,4723,420,10,10,null,0,3762,0
1774460238145,1022,employee list,200,OK,Thread Group 1-9,text,true,,4723,420,10,10,https://opensource-demo.orangehrmlive.com/web/index.php/auth/login,517,0,0
1774460238145,517,employee list-0,302,Found,Thread Group 1-9,text,true,,927,215,10,10,https://opensource-demo.orangehrmlive.com/web/index.php/pim/viewEmployeeList,517,0,0
1774460238663,504,employee list-1,200,OK,Thread Group 1-9,text,true,,3796,205,10,10,https://opensource-demo.orangehrmlive.com/web/index.php/auth/login,504,0,0
1774460234338,989,Employee Flow,200,"Number of samples in transaction : 1, number of failing samples : 0",Thread Group 1-10,,true,,4705,420,10,10,null,0,4709,0
1774460239045,989,employee list,200,OK,Thread Group 1-10,text,true,,4705,420,10,10,https://opensource-demo.orangehrmlive.com/web/index.php/auth/login,481,0,0
1774460239045,481,employee list-0,302,Found,Thread Group 1-10,text,true,,927,215,10,10,https://opensource-demo.orangehrmlive.com/web/index.php/pim/viewEmployeeList,481,0,0
1774460239527,507,employee list-1,200,OK,Thread Group 1-10,text,true,,3778,205,10,10,https://opensource-demo.orangehrmlive.com/web/index.php/auth/login,507,0,0
1774460234867,3294,Login Flow,200,"Number of samples in transaction : 3, number of failing samples : 0",Thread Group 1-3,,true,,13349,1151,10,10,null,0,11096,0
1774460238177,556,open login page,200,OK,Thread Group 1-3,text,true,,3795,205,10,10,https://opensource-demo.orangehrmlive.com/web/index.php/auth/login,556,0,0
1774460241978,1501,Login  Request,200,OK,Thread Group 1-3,text,true,,4846,531,10,10,https://opensource-demo.orangehrmlive.com/web/index.php/auth/login,753,0,0
1774460241978,753,Login  Request-0,302,Found,Thread Group 1-3,text,true,,927,326,10,10,https://opensource-demo.orangehrmlive.com/web/index.php/auth/validate,753,0,0
1774460242732,747,Login  Request-1,200,OK,Thread Group 1-3,text,true,,3919,205,10,10,https://opensource-demo.orangehrmlive.com/web/index.php/auth/login,747,0,0
1774460248019,1237,dashboard,200,OK,Thread Group 1-3,text,true,,4708,415,10,10,https://opensource-demo.orangehrmlive.com/web/index.php/auth/login,583,0,0
1774460248019,583,dashboard-0,302,Found,Thread Group 1-3,text,true,,927,210,10,10,https://opensource-demo.orangehrmlive.com/web/index.php/dashboard/index,583,0,0
1774460248603,653,dashboard-1,200,OK,Thread Group 1-3,text,true,,3781,205,10,10,https://opensource-demo.orangehrmlive.com/web/index.php/auth/login,653,0,0
1774460234877,3738,Login Flow,200,"Number of samples in transaction : 3, number of failing samples : 0",Thread Group 1-5,,true,,13362,1151,10,10,null,0,10679,0
1774460237897,534,open login page,200,OK,Thread Group 1-5,text,true,,3794,205,10,10,https://opensource-demo.orangehrmlive.com/web/index.php/auth/login,534,0,0
1774460242404,1967,Login  Request,200,OK,Thread Group 1-5,text,true,,4851,531,10,10,https://opensource-demo.orangehrmlive.com/web/index.php/auth/login,653,0,0
1774460242404,653,Login  Request-0,302,Found,Thread Group 1-5,text,true,,927,326,10,10,https://opensource-demo.orangehrmlive.com/web/index.php/auth/validate,653,0,0
1774460243058,1313,Login  Request-1,200,OK,Thread Group 1-5,text,true,,3924,205,10,10,https://opensource-demo.orangehrmlive.com/web/index.php/auth/login,1313,0,0
1774460248057,1237,dashboard,200,OK,Thread Group 1-5,text,true,,4717,415,10,10,https://opensource-demo.orangehrmlive.com/web/index.php/auth/login,610,0,0
1774460248057,611,dashboard-0,302,Found,Thread Group 1-5,text,true,,927,210,10,10,https://opensource-demo.orangehrmlive.com/web/index.php/dashboard/index,610,0,0
1774460248668,626,dashboard-1,200,OK,Thread Group 1-5,text,true,,3790,205,10,10,https://opensource-demo.orangehrmlive.com/web/index.php/auth/login,626,0,0
1774460234551,4020,Login Flow,200,"Number of samples in transaction : 3, number of failing samples : 0",Thread Group 1-4,,true,,13394,1151,10,10,null,0,11227,0
1774460239383,588,open login page,200,OK,Thread Group 1-4,text,true,,3806,205,10,10,https://opensource-demo.orangehrmlive.com/web/index.php/auth/login,588,0,0
1774460243080,2213,Login  Request,200,OK,Thread Group 1-4,text,true,,4866,531,10,10,https://opensource-demo.orangehrmlive.com/web/index.php/auth/login,1290,0,0
1774460243080,1290,Login  Request-0,302,Found,Thread Group 1-4,text,true,,927,326,10,10,https://opensource-demo.orangehrmlive.com/web/index.php/auth/validate,1290,0,0
1774460244371,922,Login  Request-1,200,OK,Thread Group 1-4,text,true,,3939,205,10,10,https://opensource-demo.orangehrmlive.com/web/index.php/auth/login,922,0,0
1774460248579,1219,dashboard,200,OK,Thread Group 1-4,text,true,,4722,415,10,10,https://opensource-demo.orangehrmlive.com/web/index.php/auth/login,606,0,0
1774460248579,606,dashboard-0,302,Found,Thread Group 1-4,text,true,,927,210,10,10,https://opensource-demo.orangehrmlive.com/web/index.php/dashboard/index,606,0,0
1774460249186,612,dashboard-1,200,OK,Thread Group 1-4,text,true,,3795,205,10,10,https://opensource-demo.orangehrmlive.com/web/index.php/auth/login,612,0,0
1774460233735,3810,Login Flow,200,"Number of samples in transaction : 3, number of failing samples : 0",Thread Group 1-2,,true,,13366,1150,10,10,null,0,13647,0
1774460237856,557,open login page,200,OK,Thread Group 1-2,text,true,,3802,205,10,10,https://opensource-demo.orangehrmlive.com/web/index.php/auth/login,557,0,0
1774460242998,2053,Login  Request,200,OK,Thread Group 1-2,text,true,,4843,530,10,10,https://opensource-demo.orangehrmlive.com/web/index.php/auth/login,1066,0,0
1774460242998,1066,Login  Request-0,302,Found,Thread Group 1-2,text,true,,927,325,10,10,https://opensource-demo.orangehrmlive.com/web/index.php/auth/validate,1066,0,0
1774460244065,986,Login  Request-1,200,OK,Thread Group 1-2,text,true,,3916,205,10,10,https://opensource-demo.orangehrmlive.com/web/index.php/auth/login,986,0,0
1774460249991,1200,dashboard,200,OK,Thread Group 1-2,text,true,,4721,415,10,10,https://opensource-demo.orangehrmlive.com/web/index.php/auth/login,626,0,0
1774460249991,627,dashboard-0,302,Found,Thread Group 1-2,text,true,,927,210,10,10,https://opensource-demo.orangehrmlive.com/web/index.php/dashboard/index,626,0,0
1774460250618,573,dashboard-1,200,OK,Thread Group 1-2,text,true,,3794,205,10,10,https://opensource-demo.orangehrmlive.com/web/index.php/auth/login,573,0,0
1774460234017,3624,Login Flow,200,"Number of samples in transaction : 3, number of failing samples : 0",Thread Group 1-1,,true,,13355,1153,10,10,null,0,14410,0
1774460238913,514,open login page,200,OK,Thread Group 1-1,text,true,,3790,205,10,10,https://opensource-demo.orangehrmlive.com/web/index.php/auth/login,514,0,0
1774460244397,1940,Login  Request,200,OK,Thread Group 1-1,text,true,,4850,533,10,10,https://opensource-demo.orangehrmlive.com/web/index.php/auth/login,896,0,0
1774460244397,896,Login  Request-0,302,Found,Thread Group 1-1,text,true,,927,328,10,10,https://opensource-demo.orangehrmlive.com/web/index.php/auth/validate,896,0,0
1774460245294,1043,Login  Request-1,200,OK,Thread Group 1-1,text,true,,3923,205,10,10,https://opensource-demo.orangehrmlive.com/web/index.php/auth/login,1043,0,0
1774460250881,1170,dashboard,200,OK,Thread Group 1-1,text,true,,4715,415,10,10,https://opensource-demo.orangehrmlive.com/web/index.php/auth/login,657,0,0
1774460250881,658,dashboard-0,302,Found,Thread Group 1-1,text,true,,927,210,10,10,https://opensource-demo.orangehrmlive.com/web/index.php/dashboard/index,657,0,0
1774460251539,512,dashboard-1,200,OK,Thread Group 1-1,text,true,,3788,205,10,10,https://opensource-demo.orangehrmlive.com/web/index.php/auth/login,511,0,0
1774460239092,2793,Login Flow,200,"Number of samples in transaction : 3, number of failing samples : 0",Thread Group 1-7,,true,,13367,1150,10,10,null,0,10819,0
1774460242824,658,open login page,200,OK,Thread Group 1-7,text,true,,3788,205,10,10,https://opensource-demo.orangehrmlive.com/web/index.php/auth/login,658,0,0
1774460246721,1196,Login  Request,200,OK,Thread Group 1-7,text,true,,4851,530,10,10,https://opensource-demo.orangehrmlive.com/web/index.php/auth/login,517,0,0
1774460246721,517,Login  Request-0,302,Found,Thread Group 1-7,text,true,,927,325,10,10,https://opensource-demo.orangehrmlive.com/web/index.php/auth/validate,517,0,0
1774460247239,678,Login  Request-1,200,OK,Thread Group 1-7,text,true,,3924,205,10,10,https://opensource-demo.orangehrmlive.com/web/index.php/auth/login,678,0,0
1774460251765,939,dashboard,200,OK,Thread Group 1-7,text,true,,4728,415,10,10,https://opensource-demo.orangehrmlive.com/web/index.php/auth/login,453,0,0
1774460251765,454,dashboard-0,302,Found,Thread Group 1-7,text,true,,927,210,10,10,https://opensource-demo.orangehrmlive.com/web/index.php/dashboard/index,453,0,0
1774460252219,485,dashboard-1,200,OK,Thread Group 1-7,text,true,,3801,205,10,10,https://opensource-demo.orangehrmlive.com/web/index.php/auth/login,485,0,0
1774460238525,3125,Login Flow,200,"Number of samples in transaction : 3, number of failing samples : 0",Thread Group 1-6,,true,,13375,1153,10,10,null,0,11868,0
1774460241549,671,open login page,200,OK,Thread Group 1-6,text,true,,3779,205,10,10,https://opensource-demo.orangehrmlive.com/web/index.php/auth/login,671,0,0
1774460246309,1368,Login  Request,200,OK,Thread Group 1-6,text,true,,4860,533,10,10,https://opensource-demo.orangehrmlive.com/web/index.php/auth/login,621,0,0
1774460246309,622,Login  Request-0,302,Found,Thread Group 1-6,text,true,,927,328,10,10,https://opensource-demo.orangehrmlive.com/web/index.php/auth/validate,621,0,0
1774460246931,746,Login  Request-1,200,OK,Thread Group 1-6,text,true,,3933,205,10,10,https://opensource-demo.orangehrmlive.com/web/index.php/auth/login,746,0,0
1774460252433,1086,dashboard,200,OK,Thread Group 1-6,text,true,,4736,415,10,10,https://opensource-demo.orangehrmlive.com/web/index.php/auth/login,539,0,0
1774460252433,539,dashboard-0,302,Found,Thread Group 1-6,text,true,,927,210,10,10,https://opensource-demo.orangehrmlive.com/web/index.php/dashboard/index,539,0,0
1774460252973,546,dashboard-1,200,OK,Thread Group 1-6,text,true,,3809,205,10,10,https://opensource-demo.orangehrmlive.com/web/index.php/auth/login,546,0,0
1774460240035,3176,Login Flow,200,"Number of samples in transaction : 3, number of failing samples : 0",Thread Group 1-10,,true,,13390,1151,10,10,null,0,10907,0
1774460243304,1067,open login page,200,OK,Thread Group 1-10,text,true,,3809,205,10,10,https://opensource-demo.orangehrmlive.com/web/index.php/auth/login,1067,0,0
1774460248382,1079,Login  Request,200,OK,Thread Group 1-10,text,true,,4859,531,10,10,https://opensource-demo.orangehrmlive.com/web/index.php/auth/login,534,0,0
1774460248382,534,Login  Request-0,302,Found,Thread Group 1-10,text,true,,927,326,10,10,https://opensource-demo.orangehrmlive.com/web/index.php/auth/validate,534,0,0
1774460248917,544,Login  Request-1,200,OK,Thread Group 1-10,text,true,,3932,205,10,10,https://opensource-demo.orangehrmlive.com/web/index.php/auth/login,544,0,0
1774460253089,1030,dashboard,200,OK,Thread Group 1-10,text,true,,4722,415,10,10,https://opensource-demo.orangehrmlive.com/web/index.php/auth/login,500,0,0
1774460253089,500,dashboard-0,302,Found,Thread Group 1-10,text,true,,927,210,10,10,https://opensource-demo.orangehrmlive.com/web/index.php/dashboard/index,500,0,0
1774460253590,529,dashboard-1,200,OK,Thread Group 1-10,text,true,,3795,205,10,10,https://opensource-demo.orangehrmlive.com/web/index.php/auth/login,529,0,0
1774460238803,3421,Login Flow,200,"Number of samples in transaction : 3, number of failing samples : 0",Thread Group 1-8,,true,,13355,1151,10,10,null,0,12176,0
1774460243171,1200,open login page,200,OK,Thread Group 1-8,text,true,,3793,205,10,10,https://opensource-demo.orangehrmlive.com/web/index.php/auth/login,1200,0,0
1774460248617,1181,Login  Request,200,OK,Thread Group 1-8,text,true,,4857,531,10,10,https://opensource-demo.orangehrmlive.com/web/index.php/auth/login,593,0,0
1774460249258,1164,Employee Flow,200,"Number of samples in transaction : 1, number of failing samples : 0",Thread Group 1-3,,true,,4730,420,10,10,null,0,3979,0
1774460248617,594,Login  Request-0,302,Found,Thread Group 1-8,text,true,,927,326,10,10,https://opensource-demo.orangehrmlive.com/web/index.php/auth/validate,593,0,0
1774460253236,1164,employee list,200,OK,Thread Group 1-3,text,true,,4730,420,10,10,https://opensource-demo.orangehrmlive.com/web/index.php/auth/login,555,0,0
1774460249211,587,Login  Request-1,200,OK,Thread Group 1-8,text,true,,3930,205,10,10,https://opensource-demo.orangehrmlive.com/web/index.php/auth/login,587,0,0
1774460253236,555,employee list-0,302,Found,Thread Group 1-3,text,true,,927,215,10,10,https://opensource-demo.orangehrmlive.com/web/index.php/pim/viewEmployeeList,555,0,0
1774460253360,1040,dashboard,200,OK,Thread Group 1-8,text,true,,4705,415,10,10,https://opensource-demo.orangehrmlive.com/web/index.php/auth/login,501,0,0
1774460253360,502,dashboard-0,302,Found,Thread Group 1-8,text,true,,927,210,10,10,https://opensource-demo.orangehrmlive.com/web/index.php/dashboard/index,501,0,0
1774460253792,608,employee list-1,200,OK,Thread Group 1-3,text,true,,3803,205,10,10,https://opensource-demo.orangehrmlive.com/web/index.php/auth/login,608,0,0
1774460253863,537,dashboard-1,200,OK,Thread Group 1-8,text,true,,3778,205,10,10,https://opensource-demo.orangehrmlive.com/web/index.php/auth/login,537,0,0
1774460239169,3339,Login Flow,200,"Number of samples in transaction : 3, number of failing samples : 0",Thread Group 1-9,,true,,13377,1151,9,9,null,0,12069,0
1774460243130,1241,open login page,200,OK,Thread Group 1-9,text,true,,3778,205,10,10,https://opensource-demo.orangehrmlive.com/web/index.php/auth/login,1241,0,0
1774460249307,1037,Login  Request,200,OK,Thread Group 1-9,text,true,,4866,531,10,10,https://opensource-demo.orangehrmlive.com/web/index.php/auth/login,504,0,0
1774460249307,504,Login  Request-0,302,Found,Thread Group 1-9,text,true,,927,326,10,10,https://opensource-demo.orangehrmlive.com/web/index.php/auth/validate,504,0,0
1774460249812,532,Login  Request-1,200,OK,Thread Group 1-9,text,true,,3939,205,10,10,https://opensource-demo.orangehrmlive.com/web/index.php/auth/login,532,0,0
1774460253516,1061,dashboard,200,OK,Thread Group 1-9,text,true,,4733,415,9,9,https://opensource-demo.orangehrmlive.com/web/index.php/auth/login,481,0,0
1774460253516,481,dashboard-0,302,Found,Thread Group 1-9,text,true,,927,210,9,9,https://opensource-demo.orangehrmlive.com/web/index.php/dashboard/index,481,0,0
1774460253998,579,dashboard-1,200,OK,Thread Group 1-9,text,true,,3806,205,9,9,https://opensource-demo.orangehrmlive.com/web/index.php/auth/login,579,0,0
1774460249296,1058,Employee Flow,200,"Number of samples in transaction : 1, number of failing samples : 0",Thread Group 1-5,,true,,4710,420,9,9,null,0,4557,0
1774460253852,1058,employee list,200,OK,Thread Group 1-5,text,true,,4710,420,9,9,https://opensource-demo.orangehrmlive.com/web/index.php/auth/login,548,0,0
1774460253852,548,employee list-0,302,Found,Thread Group 1-5,text,true,,927,215,9,9,https://opensource-demo.orangehrmlive.com/web/index.php/pim/viewEmployeeList,548,0,0
1774460254401,509,employee list-1,200,OK,Thread Group 1-5,text,true,,3783,205,9,9,https://opensource-demo.orangehrmlive.com/web/index.php/auth/login,509,0,0
1774460249799,1089,Employee Flow,200,"Number of samples in transaction : 1, number of failing samples : 0",Thread Group 1-4,,true,,4733,420,8,8,null,0,4771,0
1774460254570,1089,employee list,200,OK,Thread Group 1-4,text,true,,4733,420,8,8,https://opensource-demo.orangehrmlive.com/web/index.php/auth/login,555,0,0
1774460254570,555,employee list-0,302,Found,Thread Group 1-4,text,true,,927,215,8,8,https://opensource-demo.orangehrmlive.com/web/index.php/pim/viewEmployeeList,555,0,0
1774460255126,533,employee list-1,200,OK,Thread Group 1-4,text,true,,3806,205,8,8,https://opensource-demo.orangehrmlive.com/web/index.php/auth/login,532,0,0
1774460251193,1116,Employee Flow,200,"Number of samples in transaction : 1, number of failing samples : 0",Thread Group 1-2,,true,,4729,420,7,7,null,0,4207,0
1774460255398,1116,employee list,200,OK,Thread Group 1-2,text,true,,4729,420,7,7,https://opensource-demo.orangehrmlive.com/web/index.php/auth/login,551,0,0
1774460255398,551,employee list-0,302,Found,Thread Group 1-2,text,true,,927,215,7,7,https://opensource-demo.orangehrmlive.com/web/index.php/pim/viewEmployeeList,551,0,0
1774460255950,564,employee list-1,200,OK,Thread Group 1-2,text,true,,3802,205,7,7,https://opensource-demo.orangehrmlive.com/web/index.php/auth/login,564,0,0
1774460252706,1014,Employee Flow,200,"Number of samples in transaction : 1, number of failing samples : 0",Thread Group 1-7,,true,,4706,420,6,6,null,0,3276,0
1774460255980,1014,employee list,200,OK,Thread Group 1-7,text,true,,4706,420,6,6,https://opensource-demo.orangehrmlive.com/web/index.php/auth/login,516,0,0
1774460255980,517,employee list-0,302,Found,Thread Group 1-7,text,true,,927,215,6,6,https://opensource-demo.orangehrmlive.com/web/index.php/pim/viewEmployeeList,516,0,0
1774460256498,496,employee list-1,200,OK,Thread Group 1-7,text,true,,3779,205,6,6,https://opensource-demo.orangehrmlive.com/web/index.php/auth/login,496,0,0
1774460252052,1000,Employee Flow,200,"Number of samples in transaction : 1, number of failing samples : 0",Thread Group 1-1,,true,,4725,420,5,5,null,0,4840,0
1774460256890,1000,employee list,200,OK,Thread Group 1-1,text,true,,4725,420,5,5,https://opensource-demo.orangehrmlive.com/web/index.php/auth/login,479,0,0
1774460256890,480,employee list-0,302,Found,Thread Group 1-1,text,true,,927,215,5,5,https://opensource-demo.orangehrmlive.com/web/index.php/pim/viewEmployeeList,479,0,0
1774460257370,520,employee list-1,200,OK,Thread Group 1-1,text,true,,3798,205,5,5,https://opensource-demo.orangehrmlive.com/web/index.php/auth/login,520,0,0
1774460254120,1034,Employee Flow,200,"Number of samples in transaction : 1, number of failing samples : 0",Thread Group 1-10,,true,,4714,420,4,4,null,0,3164,0
1774460257283,1034,employee list,200,OK,Thread Group 1-10,text,true,,4714,420,4,4,https://opensource-demo.orangehrmlive.com/web/index.php/auth/login,492,0,0
1774460257283,492,employee list-0,302,Found,Thread Group 1-10,text,true,,927,215,4,4,https://opensource-demo.orangehrmlive.com/web/index.php/pim/viewEmployeeList,492,0,0
1774460257776,541,employee list-1,200,OK,Thread Group 1-10,text,true,,3787,205,4,4,https://opensource-demo.orangehrmlive.com/web/index.php/auth/login,541,0,0
1774460254402,1130,Employee Flow,200,"Number of samples in transaction : 1, number of failing samples : 0",Thread Group 1-8,,true,,4705,420,3,3,null,0,3310,0
1774460257710,1130,employee list,200,OK,Thread Group 1-8,text,true,,4705,420,3,3,https://opensource-demo.orangehrmlive.com/web/index.php/auth/login,502,0,0
1774460257710,502,employee list-0,302,Found,Thread Group 1-8,text,true,,927,215,3,3,https://opensource-demo.orangehrmlive.com/web/index.php/pim/viewEmployeeList,502,0,0
1774460258213,627,employee list-1,200,OK,Thread Group 1-8,text,true,,3778,205,3,3,https://opensource-demo.orangehrmlive.com/web/index.php/auth/login,627,0,0
1774460254579,1144,Employee Flow,200,"Number of samples in transaction : 1, number of failing samples : 0",Thread Group 1-9,,true,,4723,420,2,2,null,0,3279,0
1774460257856,1144,employee list,200,OK,Thread Group 1-9,text,true,,4723,420,2,2,https://opensource-demo.orangehrmlive.com/web/index.php/auth/login,501,0,0
1774460257856,501,employee list-0,302,Found,Thread Group 1-9,text,true,,927,215,2,2,https://opensource-demo.orangehrmlive.com/web/index.php/pim/viewEmployeeList,501,0,0
1774460258358,642,employee list-1,200,OK,Thread Group 1-9,text,true,,3796,205,2,2,https://opensource-demo.orangehrmlive.com/web/index.php/auth/login,642,0,0
1774460253520,1287,Employee Flow,200,"Number of samples in transaction : 1, number of failing samples : 0",Thread Group 1-6,,true,,4722,420,1,1,null,0,4618,0
1774460258136,1287,employee list,200,OK,Thread Group 1-6,text,true,,4722,420,1,1,https://opensource-demo.orangehrmlive.com/web/index.php/auth/login,671,0,0
1774460258136,671,employee list-0,302,Found,Thread Group 1-6,text,true,,927,215,1,1,https://opensource-demo.orangehrmlive.com/web/index.php/pim/viewEmployeeList,671,0,0
1774460258808,615,employee list-1,200,OK,Thread Group 1-6,text,true,,3795,205,1,1,https://opensource-demo.orangehrmlive.com/web/index.php/auth/login,615,0,0
